Temperature,Run_Time,Pressure,Humidity,Downtime_Flag,Machine_ID
85.99707677516204,98.49235070301819,9.374607896963497,100.0,1,1
51.55493650547612,0.0,100.0,19.784019554424802,0,2
97.21202230599613,97.11590882193903,24.2538130363857,80.72278267392561,1,3
86.32221357655655,74.37946429717314,39.51803269581958,71.6925629850804,1,4
98.19396065227828,40.91964928747021,74.0750779077613,75.91828205333222,1,5
100.0,100.0,0.0,100.0,1,6
30.363092846017814,3.772885900394705,64.4062300073085,100.0,0,7
27.077810554950908,18.99829437103422,55.708934678828065,70.48534056777603,0,8
91.69263777836528,63.06801977708113,51.65975367732506,74.75614018308096,1,9
24.15091208883065,14.217296227338572,55.69171108924331,86.1066348285267,0,10
79.10045911008822,93.43299326474826,8.563897038677453,100.0,1,11
40.89268626633209,6.315247133171269,69.13441873307292,100.0,0,12
73.86588286855775,0.0,95.0839865968123,100.0,0,13
36.6348494111796,0.0,92.3119785288154,0.0,0,14
85.61225466000622,90.91540271113014,23.130924738062713,82.22169093570105,1,15
100.0,81.23545893809946,45.20538640289118,52.21842640856304,1,16
73.45272489383666,71.3406444847303,26.934650902751,100.0,1,17
81.88838147899904,12.734617549839221,89.03392480639846,79.64362348584467,1,18
21.27925340174839,16.73497034936033,68.42710661747199,0.0,0,19
20.0,21.172467208213746,49.115923232344734,75.12152190008885,0,20
20.0,29.825694030769885,51.61257669138873,14.019934123073241,0,21
86.85706231797874,0.0,100.0,94.8492549815186,1,22
20.0,51.40220142966812,25.419863424594688,0.0,1,23
43.743303137472175,0.0,87.57644799699409,38.22964724513666,0,24
72.10403619078876,11.841925826233904,84.81367937858768,78.05055836325201,0,25
32.25414262453822,14.969622398417677,59.083791665660996,87.98361999173687,0,26
41.44909404865612,0.0,71.4378176153477,100.0,0,27
35.67530896179434,1.9487902275405844,68.37484046956101,100.0,0,28
48.09593165923138,13.139912820446774,72.38613813470023,68.44142321100642,0,29
31.35244930308458,4.593429111456672,80.737570547948,7.929454795361281,0,30
23.77596671161659,36.479235697989274,44.0565989264866,38.85675252322426,0,31
95.48741133820116,100.0,13.473314221509973,84.74210511306829,1,32
90.19901897898812,82.41916645882935,30.751649442650454,95.42979502824116,1,33
20.0,18.679295275058156,49.21249385629842,77.59732552535303,0,34
97.62239600392257,11.522482511867068,97.04472998127626,88.64800405641105,1,35
20.0,31.36667859202117,50.36423419688474,0.0,0,36
89.61663219628194,72.71025968811637,39.43249092275678,91.7024531524259,1,37
71.67424652911022,56.76315939359372,41.91717517872747,100.0,1,38
93.03314490878617,90.44341563008663,22.934487360026544,100.0,1,39
78.6771676301133,0.0,100.0,100.0,1,40
93.6410094190298,47.08687795589944,65.50286743916087,80.80622467092645,1,41
88.04404653382524,100.0,7.279874378912467,100.0,1,42
20.0,37.017156779502876,44.84712198085448,0.0,0,43
91.90629242905038,40.7522473401833,73.03521985750665,62.61012645622418,1,44
91.0164663194758,92.91761960809716,23.31487699113186,88.23001388234911,1,45
100.0,21.00758366015696,90.68330165645946,93.64486671517301,1,46
20.0,19.99990495829205,45.07307988268783,73.70729098815926,0,47
84.06068814365753,100.0,7.960684799939322,100.0,1,48
20.0,10.950366724851733,43.461320404624324,100.0,0,49
81.74372098576865,68.02417144551919,39.13657607610925,92.39257538473858,1,50
85.38040635720603,52.331021307548546,64.08977769245234,34.9673497222847,1,51
42.240233706607576,14.607698962646381,66.53837984121365,77.1687107306013,0,52
35.576468145162124,5.506574243196113,66.20519340408748,100.0,0,53
57.98278985993973,45.230298748100005,35.663101361017816,100.0,1,54
87.48919650594412,70.58209742007585,41.69869826418678,82.15842586922089,1,55
31.69378298848563,12.311919974372401,73.05170043647615,15.261289484099727,0,56
44.746405888282666,15.302437877155448,69.69556761238948,62.525162830114354,0,57
74.21721592899601,0.0,100.0,95.30023116162891,1,58
38.634248310800146,5.758036720637968,68.21329877008844,100.0,0,59
90.91171225742471,83.6087595798704,39.453204501292376,38.674555402276575,1,60
89.50344726276154,78.16954247483301,36.547665584931714,80.23776896504862,1,61
94.86922433404914,1.0172174585932439,100.0,99.20363404056249,1,62
81.19801414189565,22.86786683065454,81.0275255456277,72.90121409867663,1,63
78.32484544999474,6.205269448725012,93.14635685113345,77.27422006528559,1,64
21.441351882635033,23.860698652647322,58.742261178540865,8.200578494658103,0,65
44.315323300174825,1.8706437845477595,73.51565580167505,100.0,0,66
100.0,31.17086757016646,89.34927043933735,100.0,1,67
90.1345213677869,83.9012168806238,30.03824187050074,91.78376938683519,0,68
84.64136210234405,26.845563272843435,78.15832562473834,80.70324547013088,1,69
25.424206758976794,7.922010835791923,59.78279033646868,98.41024503921493,0,70
87.24813525700651,57.291696483491435,56.9971340935069,58.128423670412225,1,71
78.09384083244471,0.0,100.0,100.0,1,72
45.05328347938383,0.0,97.24824987095556,18.968981731392827,0,73
79.54258741373204,30.247344210682517,74.0884832197003,70.96427089465195,1,74
20.0,63.77690567813589,12.20518599913592,0.0,0,75
87.49750226460591,55.254271745557844,62.06797119490231,38.82597788353823,1,76
37.00336084594211,4.354804606875419,82.92241726929663,14.336297985685682,0,77
85.01542869504524,97.67305921979055,13.1730683078953,100.0,1,78
22.42427571078158,14.46495026340456,65.6317850131282,18.81390054327366,0,79
25.914066963293642,19.605758152533724,62.9688336540768,19.41836644365933,0,80
36.98861294170722,7.145255227591498,79.75252035599487,18.912492027659418,0,81
85.55076578595461,42.117349466625065,74.91366674806244,23.32551155719498,1,82
51.61522759319614,5.155157959261317,77.9777191501378,87.8109612299989,0,83
40.732273578505456,5.664410494791397,69.9710396169424,98.28227263009373,0,84
88.7854371440695,4.796488444790548,96.39898156251819,99.01160705309897,1,85
20.0,11.69571483931469,48.968274224733065,100.0,0,86
20.0,73.51073029197624,0.8691699373993771,0.0,0,87
57.968570839249196,0.09294376407033411,83.15217328636578,100.0,0,88
20.0,39.01166812895692,42.1819064563453,0.0,0,89
93.60068845195607,75.75297468444121,38.947068679454866,91.6917072803588,1,90
100.0,0.0,100.0,100.0,1,91
30.905691651209896,16.695665952835917,58.39121489886774,78.74594829836317,0,92
100.0,100.0,22.840018673484508,68.64174486213828,1,93
71.59583001066113,44.51132604694173,51.56773591894526,100.0,1,94
50.17808108184428,3.1936891951604807,84.26730568408925,55.21027771662284,0,95
20.46408516341655,33.97558891072586,48.41536961688415,14.711095577563945,1,96
94.7770970825626,100.0,4.744245944015752,100.0,1,97
81.7885974755871,86.47981332744064,19.101044288744113,100.0,1,98
68.32034767382211,0.0,100.0,78.65640072536836,1,99
32.774071864754575,0.0,87.87308309830168,1.888240880580085,0,100
48.751990035077455,0.0,100.0,5.8451173633381615,0,101
50.27334084980353,4.60857058911364,82.91700592134592,56.304980152613886,0,102
100.0,100.0,19.190882116323326,62.1589625298202,1,103
20.0,27.158212463835575,34.9494306042563,67.67737805922793,0,104
29.042110050357387,15.413848829200646,71.4306124774512,0.20157751724323703,0,105
29.16866710814388,9.820487794953948,76.47029091473264,0.0,0,106
88.96341626608711,7.49545534695109,96.25769507740199,86.30324406426625,1,107
49.10787036137975,3.7456562496155,75.37641395785775,100.0,0,108
20.0,19.6757570200544,65.04986792459084,0.0,0,109
81.93538343236281,60.25077629769696,47.12130161741639,85.27140392462209,1,110
88.91570892369154,17.621978244754885,88.93150607577775,77.56059565649802,1,111
100.0,16.48079374511606,96.9315387385608,100.0,1,112
45.88017646774897,0.691389612902654,86.18794777886495,42.649201177108424,0,113
90.94015962203744,59.25579841130143,56.84315595896891,60.80626450438575,1,114
48.52064802920921,1.5605770841124809,85.23279161563701,52.503001956083985,0,115
20.0,23.168568954547176,34.80021213049968,81.5640445530568,0,116
76.0313139803766,44.41192131316806,57.143562264067334,88.17695262329973,1,117
51.28490349612893,2.5927969321384055,76.9423482067369,100.0,0,118
39.78042500159157,7.7837646194876555,67.22590102377764,100.0,0,119
48.347396651969,14.745556114904936,70.02212974627835,75.20169178795084,0,120
24.439470713332142,10.132124492992176,73.94517403967201,0.0,0,121
48.465348529202274,0.0,91.01528626096581,31.78269638199952,0,122
92.86849431187724,53.34377668669539,69.42893690467524,21.64924643774151,1,123
89.85210259711761,26.328686025329695,83.07453827159611,70.5460952841995,1,124
42.89348805718579,5.821693324563313,70.74975531141888,99.77531521936564,0,125
44.95106959133626,0.0,90.62041346573434,29.306912172494027,0,126
92.67533809704435,88.59710271097163,33.84933377271368,52.310018957951456,1,127
53.70812325966405,7.4398299581967535,77.70723177844536,84.30221972154257,0,128
88.95067779706508,97.71713983185316,16.263274172257184,99.16156036083852,1,129
100.0,33.38418900779417,84.70591682303899,85.58999789533641,1,130
44.7253189379846,3.428420417970301,72.83652267716927,100.0,0,131
49.117349030548525,13.700376741724511,73.28869909992062,63.35284992907516,0,132
73.74875308830477,12.82832811736094,86.29157672573348,69.26769279352318,1,133
94.9014911047931,6.212336693839596,99.4904721453511,92.75712036307772,1,134
99.08261041201118,52.647423938231725,64.04726475503881,78.24227465761368,1,135
94.93561677477285,86.94729025920154,35.5609531994438,57.93253841766358,1,136
44.05988692688965,0.7517907904872416,85.52004321381244,40.453784541474576,0,137
91.55370334753384,0.0,100.0,100.0,1,138
27.796029608193884,14.7479654769133,57.82168444538043,82.27468927027533,0,139
92.71482989156938,43.91653611419129,68.70378494852326,74.96501575871622,1,140
42.63597656365171,0.0,89.98354668967049,26.078708165829884,0,141
33.543300127343585,20.232720532429692,58.7774915812245,66.46036699951358,0,142
20.0,33.73449569812249,44.84344257812193,33.9954676026313,0,143
52.22602217091313,7.424203303025024,76.9479977903684,84.16258056776292,0,144
69.81956781920597,0.0,100.0,100.0,1,145
41.97044634053623,0.0,100.0,4.756084397056149,0,146
20.0,52.21594588043848,25.357878716825454,41.13415767302394,0,147
61.030641722065944,0.0,98.805779069632,79.75567747662188,1,148
54.05576052469686,11.40348317397995,74.97079157455073,81.27825199584157,0,149
57.34123465837908,0.0,94.54641128015554,60.97552087486839,0,150
72.15507616002884,1.9971803664528025,94.52593268261694,70.83680539313934,1,151
94.1258533288753,12.398384538573595,94.86933407506476,85.86765288371794,1,152
23.482826466544132,26.18860152354569,58.676334023996695,3.0553130844058316,0,153
81.5814508901122,22.861912202168277,79.32318138411577,84.5329063947737,1,154
97.16971247540461,2.7880112041303633,100.0,98.68390800664451,1,155
90.54914709458953,12.65739701749888,93.12973086759408,83.41284336118048,1,156
94.17886502540645,49.23935549639984,67.01571382976262,62.09026620563587,1,157
78.7761529422457,51.26928911524364,52.590149837057865,88.83575516469095,1,158
95.48627255198636,8.031354046679908,98.3166082554424,92.25811627461226,1,159
29.803519451959815,24.82701880153777,60.94400257592389,17.028968642673206,0,160
43.52204547987102,2.2985358817388715,83.35955886871844,43.71330379370373,0,161
97.82417348731101,95.2480955783681,29.367080713190603,61.45647441327509,1,162
91.03461558438242,100.0,13.76555306475062,92.96078550695782,1,163
95.87387757934128,0.0,100.0,95.93698529496422,1,164
29.605792235653837,18.753490125379784,65.64609848077686,19.66342115438869,0,165
75.99540148127424,49.33967893433985,52.485946521245154,90.51618333013205,1,166
100.0,100.0,11.99282546061778,68.34219551127124,1,167
21.04359235734482,1.1826674620894835,85.1012663106365,0.0,0,168
20.0,41.87565479554989,39.349838660495664,0.0,0,169
100.0,0.0,100.0,100.0,1,170
86.45027943225472,52.97160786026584,58.2437102863136,70.60053632310641,1,171
59.59275093540989,0.0,87.21749808514333,100.0,0,172
97.92485483950708,100.0,1.733363515959283,100.0,1,173
20.0,20.026813529347752,43.29302603594205,79.22873689929605,0,174
20.0,16.40347341413635,47.26805643365261,85.76163359609122,0,175
77.69217700161597,0.0,97.48341144218091,92.33482855311351,1,176
74.82005840933864,0.0,100.0,86.17612578391268,1,177
20.0,37.892500607910875,42.1485163244301,0.0,0,178
75.43760211594912,0.0,100.0,86.12843173326993,1,179
54.98027390214992,14.91869929442651,75.87048786091142,60.40375288104942,0,180
85.9828225359114,100.0,6.27122208822508,100.0,1,181
37.16048408557199,0.0,100.0,0.0,0,182
79.89906418622974,40.82146295575706,65.9919140920571,65.87180031494344,1,183
43.27910783050196,0.6309485003911064,84.65132984265959,43.817108126176294,0,184
80.08925250728879,48.43901221819325,61.83873285262809,51.78625986621683,1,185
47.10439248841318,0.0,77.84301934018791,100.0,0,186
75.54113680139974,30.746929876103057,72.52633254632858,64.7859901057113,1,187
76.88588238968512,0.0,100.0,89.26633469477544,1,188
78.5086208861748,48.897983216516536,58.56377713151472,64.11548153936519,1,189
79.25913642936081,67.22196823369393,39.02663686598791,89.16415189677143,0,190
91.218010213498,27.229965136495096,81.32434449646769,80.90423444617251,1,191
85.25795829492577,19.979466001230307,86.40656448764565,68.61164010020242,1,192
97.63217071198324,100.0,0.0,100.0,1,193
25.017949945491715,15.390504387292175,54.74903702143496,88.50893523091861,0,194
95.73021246020774,0.0,100.0,86.89397118212773,1,195
47.26418813907233,0.574116438035098,75.91755617574785,100.0,0,196
20.0,38.49608535058829,43.375082306899245,17.887059707002138,0,197
94.03675330910984,95.31271965340636,20.991441349593583,99.633510548171,1,198
78.7684164527882,1.9993337276953085,95.68524946056928,85.34748626705326,1,199
83.39005236576047,42.55155486519511,66.53798865388308,64.8693927714255,1,200
57.88300605766007,0.0,84.51803536549102,100.0,0,201
34.86724587694193,18.39882968988924,61.723058974210446,62.501239950336306,0,202
97.4930187263595,33.66907190449675,80.68149521038207,71.51680010044973,1,203
76.93655503358515,30.884048958548966,73.26635706402512,64.12285822257596,1,204
20.0,38.92721740137057,40.55113594142169,19.65372567039878,1,205
87.36130668974141,15.789824454725206,89.60654605885321,77.99637389536272,0,206
95.282518567202,99.30364898468909,24.40347596628828,62.055799492500846,1,207
55.01228679471177,0.0,83.02951404810366,100.0,0,208
57.28306552117172,16.234488337923715,75.55257136113515,62.94580927952426,0,209
75.76583374948072,65.02581469520337,44.77016717216846,54.40574776710429,1,210
81.39239502071563,72.09423203095065,31.280820745677367,100.0,1,211
29.539527377617524,22.842865869575157,55.85468817693449,57.47509445475732,0,212
74.76062848449831,12.570173160919403,86.64387445018735,71.7805033037575,1,213
81.8325323814668,10.436651619949124,90.2784227825213,83.94864006657897,1,214
44.48839764727218,0.0,75.56922685583368,100.0,0,215
90.99559288190065,81.23317571081635,31.621240719048135,98.96242091415962,1,216
50.807790545182144,2.833022399852638,77.00962274072755,100.0,0,217
90.03027040762048,70.44976534033574,47.4768643638324,56.0468404917165,1,218
20.0,34.12009535352449,43.46347269435091,0.0,0,219
90.75080357390186,66.79819631282923,52.046134883973004,49.78712446248558,1,220
90.0440962505601,31.470381397464614,78.14612975259564,74.15153922766004,1,221
20.56171952245763,4.732964635260686,56.13920260879924,100.0,0,222
73.95708770326581,65.81297338247238,30.03501650636704,100.0,1,223
90.25427484831876,2.402960844083033,100.0,92.05837051622863,1,224
20.0,12.813661665779769,43.42643810766202,100.0,0,225
29.295193781463826,38.998863609298866,42.85153255905677,50.96342869322542,0,226
92.4802045496044,0.0,100.0,89.82843381033136,1,227
46.2540615015438,0.0,93.60162827488833,36.315325332113176,0,228
54.11664301444177,20.95339202365169,71.91303859632751,49.99020431831892,1,229
36.72702683272132,12.86372350229302,63.977333137677356,83.88729373456448,0,230
29.066495542299783,18.065619726631155,67.50860311788679,10.19975792656183,0,231
38.07433626914714,18.133099163188515,62.142791396130505,71.80159461548989,0,232
51.63141657122736,0.0,100.0,19.525850188303696,0,233
96.62398805646369,100.0,9.709910321383667,67.4329928163115,1,234
33.349171420123085,0.0,95.55816256758366,2.6952534744208094,0,235
67.04842600622877,0.0,98.52955666728022,74.16158482741,1,236
42.72952245114074,2.0442238945019113,72.61205663059943,100.0,0,237
89.13323402911263,60.721072409769306,55.096095686154854,57.84436379236624,1,238
20.0,48.61294835013955,31.230868838669657,0.0,0,239
28.545604032046615,14.483974597510787,57.44755019842114,88.37442080955464,0,240
90.30676559015973,24.581226653866644,83.59364113295237,78.0353680934056,1,241
90.69224632388867,100.0,5.112673112939284,100.0,1,242
20.0,31.612563336661363,48.64406165003994,0.0,0,243
21.86206848942585,26.019136851286113,50.042639255293444,51.09073908191395,0,244
50.60888051826126,0.0,87.57838783219685,59.132312960511776,0,245
99.73484646718434,100.0,19.81378474410567,67.40667170386111,1,246
69.66767266596548,0.0,100.0,92.01053861199867,1,247
89.32475067392059,73.50297787726862,42.545115479142076,67.69309487435514,1,248
46.234143417716034,3.5178707185765745,84.72088307358561,37.89758497648771,0,249
95.33602349300153,95.38488663418258,27.25407090996051,65.45911991616906,1,250
30.056514173534016,20.041005530595342,57.11268285582922,66.20701173778596,0,251
20.0,34.584682874259876,35.526302310904505,41.11562874396784,0,252
20.0,1.5461271961230167,57.06471171081176,100.0,0,253
66.26867373990197,0.0,95.04640224912472,81.23581058331789,1,254
38.91425553116086,11.514352370686453,73.68400293149182,39.14373954697541,0,255
41.70730986821435,11.058555730154971,78.04663015285882,24.145588729045798,0,256
35.99078602318762,5.224857128861807,80.27262613679194,22.566382625864794,0,257
20.24950990720606,12.759579166087697,53.44180143461698,94.69047487977869,0,258
85.02703419941658,19.383450175687226,84.97475529744244,79.67798380123436,0,259
60.145131646342705,5.398892969127893,81.71126031296386,91.67122046013611,0,260
92.61078078936895,54.19070833986526,60.04512290498394,73.35673654185246,1,261
35.53048858873233,21.66354754740248,62.91025543451931,40.34191477600594,0,262
74.1437813596197,0.0,100.0,68.29079243651282,1,263
45.6477033342339,7.627529205587017,71.0499455435152,97.4669234430984,0,264
79.12231392982484,63.183885891005716,39.3434685887348,100.0,1,265
37.95988545192353,1.1332393295240522,85.26658807643142,20.10495212423914,1,266
46.61459594333778,0.0,100.0,9.990952662548082,0,267
99.42931476248631,98.3838924942772,29.90796216367512,46.96889689822065,1,268
52.09227633678334,11.025468107549266,75.3053181680564,74.82625987636195,0,269
62.51601214083313,15.842913386325364,80.21805625005223,53.726931396883366,0,270
92.61940750286006,85.97166768713605,30.700579609093992,85.01097900352202,1,271
100.0,100.0,0.8703521192837655,73.46565136422258,1,272
77.52062613261775,0.0,100.0,86.22278867216286,1,273
20.0,22.308595838554325,37.647447740648346,68.52017094984807,1,274
20.0,58.06609538461655,18.185395965723767,29.799642081246837,0,275
20.0,35.99248586828445,45.25270547456179,21.029792410707792,0,276
22.74922880245576,0.0,61.27931075707396,100.0,0,277
90.42119541785044,61.03866483580907,53.7794263173313,68.37501593478798,1,278
89.15825255743528,68.06714499235271,48.42998467941488,59.904014357568165,0,279
90.54894780969428,38.95464494008272,71.84263112532807,74.84921724345281,1,280
100.0,100.0,0.0,86.06562980857791,1,281
100.0,100.0,11.175894771378111,22.36290147699761,1,282
93.33741787201815,100.0,0.0,100.0,1,283
20.0,19.186836913200334,62.74418328438298,0.0,0,284
20.0,21.727837105819624,46.79665723779394,65.09539552121728,0,285
20.0,19.34075098493391,65.66561814115698,0.0,0,286
91.12117948195618,52.17142674119286,63.940415765427396,55.428357315042135,1,287
54.28430421689921,0.0,98.55984803751096,43.94879268086833,0,288
100.0,32.54590600396894,85.16528924796235,83.95982106743749,1,289
20.0,15.78623244018734,46.64140669355054,91.92941912769564,0,290
58.37976958334427,0.0,86.14115629267869,100.0,0,291
57.33602440941854,0.0,100.0,25.007980367186917,0,292
32.13367463800496,14.47451181264708,60.437726030583484,81.96366412253568,0,293
93.54918794238955,74.31518743538263,47.29994258896436,48.3338165717631,1,294
28.688721138555145,1.4184326614033296,83.8867284169701,0.0,1,295
84.49520753197177,88.36419236561002,22.02118415341305,98.6911743760151,1,296
28.909486497699607,10.229702381043495,59.76580297703516,97.7811472824924,0,297
20.0,25.48580043269226,37.15959905086622,66.88373987115716,0,298
78.24518449750873,0.0,100.0,82.71913293482802,1,299
46.3815572123394,2.589864256070854,75.07700457231223,100.0,0,300
29.84137798943071,10.97494061406806,59.997684533657306,95.50515160568646,0,301
51.49155063504323,1.7456784613816296,77.46170096797856,100.0,0,302
97.86319158353997,100.0,15.11264500301396,93.85197555833258,1,303
80.13719696300895,0.0,100.0,96.99267138007737,0,304
83.20801682056239,48.18789964391158,63.6780532507068,52.100998620364926,1,305
41.53843288322426,6.855200697208055,79.07554645787525,39.37841321791598,0,306
95.69789341804838,91.46443285820635,33.105007602409216,51.655938984291545,1,307
76.91819190826041,29.116875514026333,74.32993579666235,66.86664377349301,1,308
76.37060924132679,15.058001389483415,85.04022253230642,73.72857525348795,1,309
57.780552004807944,0.0,100.0,30.86532527785039,0,310
25.609689688454786,27.495762741392856,52.09338355920963,43.11590591658079,0,311
20.0,36.358297620599615,45.33085665703888,0.0,0,312
86.94122231958778,70.50497130676088,41.951971257117776,79.23794671917034,1,313
88.25408162024539,7.993864716626746,95.65064932387652,85.06461095131542,1,314
98.47256672219739,45.08674093523779,70.35432241537862,77.58056427878677,1,315
88.56559538479367,6.338500252044575,97.14316353654772,85.69300938884598,1,316
20.0,49.087848850912344,27.971401909959987,0.0,0,317
20.0,7.031602022600495,49.76514046032839,100.0,0,318
20.0,84.83672653368492,0.0,0.0,0,319
51.97683124320726,0.0,100.0,40.25082689030391,0,320
26.260594896038214,16.303145592252974,56.61807256290644,76.42641636324755,0,321
89.08185227462954,96.28658276707452,18.233776487798803,95.12086949652675,1,322
64.9745167078962,0.0,100.0,82.09599136611926,1,323
43.05536490573196,0.0,100.0,15.70632396480724,0,324
83.22298946616714,61.212437190028346,45.49214272965163,94.32272115235206,1,325
82.15924498947709,26.96972548603482,78.62222318963131,69.14245746130078,1,326
60.0745143909583,30.66023205004231,65.68240720564104,56.37493154380688,1,327
31.380867550596292,9.516833948604472,62.22457907787145,94.64354128209557,0,328
100.0,27.997758569190367,89.98247331957717,97.34084828871092,1,329
100.0,83.13151884479291,54.54968813769831,10.543617014927143,1,330
78.86086981263506,75.21986629217061,25.93891751302077,100.0,1,331
23.255254138262956,19.959707483356993,63.2225137167175,7.353670496491638,0,332
20.0,3.931146449613763,82.65949885371757,0.0,0,333
89.48448995250467,0.0,100.0,100.0,0,334
94.96705457618276,74.87743963311482,44.749101529446804,65.50062888194707,0,335
100.0,1.3779946679244048,100.0,100.0,1,336
41.77426262578561,0.0,93.3157184172679,16.822392127169813,0,337
38.50727317111907,6.669670846825426,68.0239736146922,97.58304746651629,0,338
28.422612033394344,0.0,100.0,0.0,0,339
24.5159549719651,25.613105427706127,50.749916026688936,57.576568409843404,0,340
34.04954406316343,3.6620827767700845,83.27682212633044,6.184209609419405,0,341
77.71256251905687,57.808596990060174,47.820993475403874,80.05471904833178,1,342
96.3387898397529,66.83736855548982,57.30643858058026,35.85578946343503,1,343
90.54512558245146,5.384730126498539,99.90817324464192,80.35471829082786,1,344
95.65359448834901,31.743290171764503,81.35366354702529,71.53147331143799,1,345
91.80620197928118,75.23236477289262,42.54325139211473,66.7304269659658,1,346
100.0,98.48644687340082,37.89207475174789,62.52169812107644,0,347
46.27818057381077,3.3559474352022534,74.33556787853988,100.0,0,348
75.535112404949,0.0,100.0,90.77855395558176,1,349
100.0,100.0,15.144998243046444,77.21856903754735,1,350
20.0,41.63935464694012,36.76814548096149,26.442739133592724,0,351
20.0,30.39933735935188,50.676802328536546,0.0,0,352
52.52986479817987,3.169029619971468,78.4936865975234,98.06997875662555,0,353
44.38913271285236,0.0,90.12455658040744,42.49686932643974,0,354
76.78502789356347,85.08068652813941,20.34418995544374,100.0,1,355
100.0,2.772080684994677,100.0,100.0,1,356
88.9195569615593,100.0,4.071485384472886,100.0,1,357
83.25712427563168,2.27495163353656,97.91448023887736,85.0000887437351,1,358
20.0,32.52497714818254,43.73374504662225,39.7226100865333,0,359
97.4326270491377,100.0,10.450549573668916,74.4516502363632,1,360
46.49227512540461,17.44975063552196,68.02705904868077,67.09497490194228,0,361
55.64680828718855,0.0,100.0,50.95417271432321,0,362
81.80459255840587,81.02330439018709,24.20741002481723,100.0,1,363
79.17417547131762,52.82799183176975,51.62408007163329,87.83036531842941,1,364
21.379288840251768,2.5204442877570017,58.9610213642566,100.0,0,365
91.71988787075426,86.48619254519095,33.16384543561844,64.4220986997384,1,366
76.25612496620332,16.805848874847904,84.01974066212942,70.39122347808674,1,367
71.19011319390461,69.48311871178083,29.955636370476526,100.0,1,368
22.98170906623851,12.039688446812164,55.826501935394965,92.88991098525975,0,369
100.0,0.0,100.0,100.0,1,370
24.966751938350825,11.647147984261636,57.69963599107255,90.04417135307017,1,371
50.64074102623434,5.379199517683368,75.98152590902728,95.58207155056472,0,372
78.7244000564433,58.46219682919384,46.44420738015261,88.28898211877734,1,373
32.777452817150944,21.629177411551094,64.1296681146639,24.140596096092658,0,374
89.76072031879866,0.4381974820003691,100.0,96.79704864355531,0,375
20.0,24.24020148775281,36.697057446488465,69.011470439589,0,376
96.62073452558847,42.92973908845944,71.51226092877437,75.81669234304022,1,377
20.0,33.20049679833452,48.06990387155482,0.0,0,378
93.969874958124,87.40645834304536,29.423183678204914,89.65111511238132,1,379
21.580170358999744,7.4500657611585765,56.05085730148486,100.0,0,380
98.62137656074383,0.0,100.0,100.0,1,381
50.36249463352304,6.5098995012724,81.42427634037544,55.695015076919915,0,382
100.0,100.0,11.292224000226454,74.28892814436124,1,383
90.8508699281755,83.32390457390083,34.906010376201095,67.58390376304585,1,384
77.44293997768624,0.0,100.0,82.0572821993826,0,385
100.0,33.34609055074648,82.59490988310107,87.40696157274067,1,386
79.1060414173343,86.17027072125279,15.33554464997173,100.0,1,387
20.0,46.27621971420619,33.73414333448871,27.64935715346677,0,388
22.18567299296368,12.601895679213001,54.28039310489001,96.73703095931737,0,389
45.13566515810665,0.0,100.0,4.566789821794799,0,390
100.0,12.50352407131355,98.35836968538064,97.8886865497536,1,391
52.12584225351164,2.1024013444222263,85.9381471245427,57.1339798350329,0,392
29.512634952619155,6.587763036034879,78.97596434662202,2.1755835940652872,0,393
70.37422191318558,10.51251045143264,83.27076297196794,88.74873111552776,1,394
88.12637536271802,58.01691392234103,58.04997244646181,50.796852756213745,1,395
37.0406721274592,0.14270100867720714,85.80430936524957,19.03430770064649,0,396
87.2255307108324,25.352177673945807,82.10048745755265,73.01601604259693,1,397
95.0686601783266,100.0,11.266749705931701,100.0,1,398
20.0,43.87142777368939,35.810937521216076,10.325401564361322,0,399
49.32952754266816,16.322703398853974,69.65761960076068,72.35086248988074,0,400
41.862933375668334,4.957735726830485,69.1099417849288,100.0,0,401
87.56068461896922,30.353319078261535,77.42550512626204,76.28590894262777,1,402
24.399427299635178,7.6644042222831175,59.203474192147354,99.93739272107683,0,403
54.38141321690446,0.0,100.0,15.043488981350734,0,404
20.0,22.29135504480297,59.89019116569929,0.0,0,405
66.86849403766715,0.0,100.0,75.97692570995818,1,406
86.42057140743077,0.0,100.0,87.98364026247629,1,407
89.47928552755948,0.0,100.0,100.0,1,408
37.091802040880225,7.175336780777094,66.95698380571594,96.79725895112401,0,409
81.53760487308425,0.0,100.0,96.07655283827974,1,410
82.58227816114754,77.27641742450768,26.96345282516315,100.0,1,411
95.75215017252891,100.0,16.06994410377289,63.73572835752375,1,412
88.11146130455137,36.51847329937039,73.59307903874458,69.04087878894238,1,413
33.548754206009995,4.383905140475633,64.3523051833002,100.0,0,414
69.37174884654394,0.0,100.0,31.527894203041633,0,415
43.66512449481792,2.7563557843401156,72.80706302049447,100.0,0,416
86.68579179695595,100.0,2.703363994838007,100.0,1,417
20.0,7.635873749481995,52.611044623121565,100.0,0,418
37.97681417362472,13.534858882937833,71.86735038337409,36.52910580704378,0,419
34.74519287486707,26.989525628506215,54.78916438118218,59.183885588395,0,420
35.6057519247807,2.823301371431782,65.87470239318975,100.0,0,421
32.66688547539193,15.111076873931339,69.6309565423721,24.536042004691854,0,422
45.080762025731524,3.3283571349943344,73.52674220224549,100.0,0,423
72.49636782776423,0.0,94.25940613563989,100.0,0,424
73.99376129842929,21.05625549376946,79.27704180662391,69.53829531819687,1,425
74.40266287043444,32.67293118634739,70.6731158660574,62.23330282957986,1,426
82.69920734646284,0.0,100.0,90.68865615862451,1,427
39.050751759379565,12.319679727887738,65.7441770450362,83.58540165186582,0,428
39.63741711391083,15.476090373375733,66.12406737776662,66.64678290531393,0,429
20.0,47.7088379444311,28.78197237017028,22.487854156131267,0,430
78.27480810015003,16.043843053168082,85.36146598607954,72.81891488680942,1,431
66.98844535785145,73.07071291182267,15.968515352892723,100.0,1,432
80.50571222526914,66.6943018454285,37.60304859674153,100.0,1,433
20.0,39.544333022832525,41.76674074128182,20.10701900657726,0,434
20.0,23.333055911695283,45.05753058138045,66.61686717175103,0,435
100.0,85.29511092063674,54.567163669758685,3.9834301233612095,1,436
98.93663046160546,96.62511429184048,29.165481345125645,59.09020106588454,1,437
100.0,48.18114882512217,76.8217459545026,100.0,1,438
20.0,54.07757865589904,22.250687001501706,8.572903396378422,0,439
100.0,100.0,25.982902744875172,73.44354182230617,1,440
33.124789545391074,16.635759383524814,60.76509365890598,71.87885346381427,0,441
74.16365885666474,55.589466921610985,44.91017033331537,97.7924756220049,1,442
95.7607303918889,23.12482464521105,85.39385744075756,92.51889750089241,1,443
27.920752113149277,21.349036762709307,55.941657620361056,59.498947952065585,0,444
53.48329811426423,8.826482564784271,77.56316710775818,77.17592333467384,0,445
80.31535648625282,26.453888097987235,76.43059539647558,79.14387699262397,1,446
100.0,29.97849311468607,86.45136851760364,100.0,0,447
20.0,24.348086735678777,34.17898092479071,72.28238426434419,0,448
100.0,25.07981738544207,91.56390298626908,89.52775239928766,1,449
67.38089934333608,0.0,100.0,23.674003600937233,0,450
26.734344294886625,17.68952899988394,56.28440490248239,72.73062923121616,0,451
69.5401656849042,28.083294773527196,72.86511814903037,57.12426871031563,1,452
33.209028052831556,13.672165212125037,70.99064648614844,25.588479285801903,0,453
30.86630090246906,13.702785180668286,69.55284687356291,26.521280891845535,0,454
23.749626572636416,4.109826532150571,60.2890281229942,100.0,0,455
100.0,28.921123071621317,90.27217616892055,100.0,1,456
93.22855340813148,82.20433228188281,35.80871562326683,75.72240722396339,1,457
43.45848595370204,8.60601201315675,69.96473428982003,91.79076480884206,0,458
40.46598353262242,3.1832042237380875,84.56087900267005,21.816708950380942,0,459
82.54930580902254,57.180572231003225,51.386699963184526,77.46224280612483,1,460
100.0,38.93994576819006,83.46358420854006,94.91415402531385,1,461
20.47831872703263,19.963078626510693,49.90027164156924,79.18660442639357,1,462
20.0,23.530917226227267,47.30704492307176,67.6771002059509,0,463
20.17737404187139,26.009242218929558,57.37742811402498,1.1063311083276162,0,464
50.58336569798727,0.0,100.0,34.27745494308624,0,465
100.0,87.73985079294292,43.37557213184278,30.55140692080476,1,466
94.79298853335749,100.0,0.0,100.0,1,467
100.0,56.047450659325655,67.23840691777646,75.44376368240792,1,468
89.29842777866787,91.42347700345616,24.756304564211028,81.70638178421245,1,469
42.820261765997664,0.0,88.18958465670775,45.05005165779386,0,470
20.0,19.761575083685994,42.64740139976982,86.00016698789508,1,471
31.144189375980524,18.806472465086177,58.39631664895976,68.42875206844585,0,472
20.0,21.832628351711193,60.686527557279604,0.0,0,473
48.003699384329444,9.382499283172443,72.70472598311886,85.90048744109708,0,474
83.2272980328894,96.08192019974291,12.497461135554495,100.0,1,475
100.0,0.0,100.0,100.0,1,476
71.50373327039958,15.706032401951134,81.97029354510326,73.10713615912442,1,477
34.522588952096754,0.0,70.319306469666,100.0,0,478
20.0,33.4250480152287,23.325456404565426,57.75390495554192,0,479
93.9192506018646,67.92322547717612,51.65200972946143,56.61427393586147,1,480
84.86472554403683,69.40362951860821,40.719864705715004,85.72281537729037,1,481
29.523226161138737,8.920758193885838,60.23899656926347,100.0,0,482
39.7402931959754,10.38891604049472,75.91404199050598,34.19317171745944,0,483
20.0,13.7618144873733,42.79916376813849,100.0,0,484
38.15360645940108,0.0,94.18444388111617,0.0,0,485
30.925851135400958,1.762511819311925,85.89738663972315,0.0,0,486
94.47179715235659,100.0,10.736145447706356,100.0,1,487
75.85819728671636,22.34354082291336,78.35267255011436,74.48344948316746,1,488
20.116435083188385,33.979002520151056,46.978350075243235,22.286586028517174,0,489
20.918469638950235,20.232432653979014,65.0282559344975,0.0,0,490
31.375176705912203,17.002739122705016,68.51141368230638,17.208203959893012,0,491
98.60619166863333,32.994916216677034,79.60275035829682,85.23093503307129,1,492
41.846568359496075,19.91584835875103,65.3609844671577,55.212656115514235,0,493
100.0,17.599256505288842,92.70566241676269,93.70234403103319,1,494
33.459732635771275,7.658735745616859,63.6014256504729,100.0,0,495
54.15220919181701,0.0,100.0,35.86996559195372,0,496
43.984981521698714,14.805426232573303,71.00355003930216,54.70443478287261,0,497
94.15358327561228,12.244030928022326,92.88958497861685,98.78992701553562,1,498
23.074500335237005,21.269024799424646,52.39235539720914,65.67198491871582,0,499
84.80540946136247,10.307437047358285,91.28775978031712,88.18919780652715,1,500
20.0,3.6779625265503952,55.643708304851074,100.0,0,501
88.60728569470699,68.91618336556294,47.47400149687873,59.46296451936654,0,502
37.059519571231235,12.66428827918741,64.24137652861654,84.4131990682726,0,503
82.93122892755012,0.0,100.0,99.70283875748932,1,504
71.29074185175936,0.0,100.0,92.32903845582203,1,505
99.41745150304874,100.0,0.0,98.43952801088777,1,506
43.03743484241859,14.924518777138971,67.3407837301165,73.23440212188696,0,507
20.0,52.316577788964416,24.544433419735366,3.648512246472258,0,508
21.335361237668245,20.849216149535472,62.21309244291061,2.5617217164160238,0,509
98.33453468944995,29.885483250442448,81.11310999677264,91.47108796177218,1,510
41.310930738902336,4.80367755202937,82.31777353460006,29.700026038541946,0,511
100.0,58.7618069604903,71.69391694116543,91.48734215246569,1,512
93.0444669597888,100.0,0.0,93.2481071263885,1,513
100.0,52.32491926527072,66.50793839710597,84.04121558681973,1,514
57.674237545204726,0.0,94.6759602409513,70.93346881815256,0,515
94.18267899841223,100.0,12.041995537282936,100.0,1,516
43.929014030795834,7.310832519123686,71.52642711247977,90.62959038050255,0,517
100.0,0.0,100.0,100.0,1,518
76.66968627359307,63.70348334502168,37.75884961355866,100.0,1,519
31.979997101151323,11.631409005092372,73.27178136754229,18.424850815822253,0,520
87.73246762429957,72.97277232148669,35.872885886740505,100.0,1,521
79.35138994421575,66.21044285801636,45.68270091985143,54.345259320656155,1,522
37.749205337554514,10.480243149265348,65.77829315379415,88.77603904857236,0,523
22.471723868121607,5.317745578880533,80.29483349899331,0.0,0,524
100.0,100.0,23.476398990886686,71.00307487333733,1,525
79.60664523691459,76.36456940531335,30.827007228582552,92.17163646443825,1,526
88.00830415914324,100.0,12.493007757813203,94.8210547138351,1,527
90.65517342605104,74.52368549203075,42.35874450545198,67.81261418588949,1,528
49.367941650947145,0.0,81.90730672972666,100.0,0,529
79.05300393436418,50.15695838628412,54.90795574289184,81.49290627703752,1,530
80.43412775593526,80.67142428404907,22.13142207270225,100.0,1,531
22.956454855185846,24.311150757141476,51.29748167978568,55.990818216485216,0,532
36.0951865153264,6.270740622940664,80.73414784350656,14.621986891738608,0,533
20.0,36.37915386986365,44.311843024245704,0.0,0,534
20.0,94.60903313563583,0.0,0.22836452290684406,0,535
20.0,14.923604891252985,51.05877089144804,91.02474618675924,0,536
28.265269119205243,13.482631485702818,71.63209696400696,6.567643148583237,0,537
20.0,25.64948416742143,54.058899343188976,8.786770013715554,0,538
38.70094806016453,1.3040238053329247,69.2747309757532,100.0,0,539
50.6944834616918,0.0,100.0,30.651942940714356,0,540
87.47217152425074,55.95689214999739,57.26804305712403,64.21007199885103,1,541
22.021054798290656,13.345062242931128,74.04595852064546,0.0,0,542
42.548527657916836,2.824395156262142,72.11711921787682,100.0,0,543
34.027326160207465,11.949324571599426,64.92453228028701,74.12567880728926,0,544
88.5532398236677,0.0,100.0,100.0,1,545
100.0,46.963759711818234,77.85159867888478,95.14832046664901,1,546
20.0,63.95755295668762,10.368493487746754,42.256735492630185,0,547
72.5346889214708,43.05872313857628,60.37537226905899,64.24277735438558,1,548
99.27941091875334,90.5539627517124,33.41913523112761,66.19782813710744,1,549
83.95726681770937,87.75332620520788,23.271627128728106,92.545301997557,1,550
40.290198626015055,3.6843978364888272,70.29115010399346,100.0,0,551
34.372940916052734,0.0,100.0,0.0,0,552
22.36933840458265,30.730600902113803,51.023689317364024,22.09164098981995,0,553
78.19483191030625,60.66294527466752,42.44233594592148,99.33006597538832,1,554
38.71019900559412,0.0,89.63388397365887,11.928030516749715,0,555
83.97033209473568,0.0,100.0,98.7822302289314,1,556
56.37061403642119,0.0,81.32477841151854,100.0,0,557
83.1472743498318,9.747310818151412,92.02865946890596,81.2194526326023,1,558
38.360356837346906,14.376589804989656,62.964850142550894,87.43166144847865,0,559
95.05070714819499,0.0,100.0,100.0,1,560
27.292395228450815,22.43104685148692,62.28011752680111,13.28603394737091,0,561
100.0,100.0,4.702933320040678,58.007956288021596,1,562
45.419933039084796,0.0,92.23440398833746,35.55367458743571,0,563
39.90966892559392,0.0,100.0,0.0,0,564
72.80415303145325,0.0,100.0,81.55919758416155,1,565
76.0248883106092,23.587088436713938,77.07231502243202,76.28434524523426,1,566
86.01275434452818,74.28970795935797,37.73197070899862,82.00062326771774,1,567
99.98442180170584,87.20308417305907,37.28137909465578,62.60513096454746,1,568
66.21112729529135,34.1237576621644,57.57898622174894,100.0,1,569
25.734918494164674,18.203149782116117,55.48482252408736,71.63569671409748,0,570
60.91629639387154,0.0,100.0,43.18456416264694,0,571
64.38266641838496,38.33228323775018,50.97553759629514,100.0,1,572
68.27777987774842,0.0,100.0,37.60954314928316,0,573
61.96567031492045,3.3715673399677826,82.92767312626299,100.0,0,574
71.81317666863501,0.0,100.0,28.55599425576163,0,575
20.0,18.27743926236596,65.5773844661699,0.0,0,576
20.0,21.263219771036933,47.543813190008564,74.60583184734551,0,577
55.26339162777524,0.0,91.48972482380032,50.30026153905749,0,578
100.0,98.49700960343218,42.025207250623424,7.33220001318832,1,579
100.0,70.81500226782788,55.533619911513135,77.38029962476868,1,580
39.521132421111574,8.657544885310287,77.76430648276278,31.317147963613756,0,581
72.35052316847288,0.0,98.18446135133772,80.10387969989567,1,582
88.13517118599839,100.0,8.041350415678373,100.0,1,583
20.0,13.638615902494571,48.62692156787171,93.82478770882634,0,584
83.67162858378497,8.650112901577486,91.99727581075697,88.87064411852982,1,585
67.33987875305228,0.0,99.06284786040945,82.87459911180552,1,586
91.97404231564727,96.06876934481139,15.97969118340309,100.0,1,587
28.949935678385444,23.159954877726495,60.01214641763778,28.6429183628099,0,588
100.0,100.0,32.18877754497029,69.6025484509572,1,589
72.20132043254691,15.920219906825324,81.2570679099492,78.59025574291347,1,590
93.43418994205004,53.44728160968601,70.04684529267269,19.19864402000386,1,591
90.91417112733296,27.68239636402649,82.07028041182457,73.01216850379015,1,592
59.37418078577511,0.0,100.0,83.30836529724371,1,593
91.26149679937015,53.857151818129516,66.47648565747696,31.648806757740346,1,594
85.29228190162961,100.0,2.8428174684158805,100.0,1,595
20.0,24.125555435813418,58.74753799340284,0.0,0,596
95.31539247167879,100.0,15.173234085048179,100.0,1,597
85.8369500735829,66.76714608614051,49.40978046987435,49.938877025139355,0,598
81.5068202287677,39.81722905342643,68.2799538913013,62.48245944246397,1,599
100.0,100.0,0.0,97.75542397766087,1,600
20.02599785993533,15.294684010604065,52.400804332684324,86.99581179461605,0,601
59.51696362538132,0.0,100.0,38.204677445828935,0,602
36.7175967201008,6.627647105826725,66.54144987316735,100.0,0,603
84.75201953940027,79.32152752986346,31.895645958903348,86.95913605390152,1,604
34.857602244588165,7.977371756620698,64.54899666971293,99.93237568354726,0,605
100.0,42.549512133695586,74.33441246764366,89.94961376617029,1,606
55.641129260745046,2.3157792365760344,79.62054444413319,100.0,0,607
20.0,25.544956277136315,48.5803767333967,56.02747820878483,0,608
45.33253854503421,0.0,90.25906871980489,32.51647181590525,0,609
88.48656043333858,55.45792996489561,61.362617156457105,45.26680638250462,1,610
25.47735119342172,17.580090911517217,68.00915351264358,0.0,0,611
79.11993456380866,78.92984160940597,21.834145912923802,100.0,1,612
94.10730796500289,0.0,100.0,88.69792934297413,1,613
26.32123727913843,0.0,62.42617226793823,100.0,0,614
91.84220052903461,18.18235818760563,88.19846430639129,88.6166874256991,1,615
21.87666411183487,19.262537343856867,51.80289586336573,75.86327408162944,0,616
78.55067486294499,0.0,100.0,100.0,1,617
84.75565158255989,100.0,0.0005447784083045804,100.0,1,618
83.65163120044762,45.762329521439376,64.91847309948098,58.72808968301936,1,619
85.14404824656387,75.70396931658243,32.26996843792282,100.0,1,620
34.07743496748685,4.969690552328451,82.93215970431382,1.5144024316999491,0,621
100.0,100.0,31.84921366482815,43.20173223175629,1,622
22.350652415214903,1.4937320906408118,87.41328367552059,0.0,0,623
90.7529525907841,12.116077718131969,93.20639757834945,86.4490816029805,1,624
20.0,25.663719272324922,44.139985417056515,67.08999989225987,0,625
87.41131006058686,100.0,10.215080871760193,100.0,1,626
31.96550627163969,15.181006569109499,59.72772917524024,82.02399898722467,0,627
45.352726124473804,0.6079772818627092,73.66763136396908,100.0,0,628
51.56422673550128,0.0,83.53744005464759,100.0,0,629
78.44280147747705,35.3401342729632,69.017077406603,71.4826944469262,1,630
92.09117984601728,100.0,1.8428937152532825,100.0,1,631
34.24282901169137,10.067590479772512,75.75151461094184,18.940279156254896,0,632
80.50083761969589,38.08479518306244,69.24596484972307,62.416604889608195,0,633
27.62250798405259,12.441325066490194,71.61810102422959,10.014978296564017,0,634
20.0,51.84410833673523,26.10400922197183,0.0,0,635
57.03374771688107,0.0,83.79749920603652,100.0,0,636
82.0960065041799,72.19890269417255,34.41337227526825,100.0,1,637
70.03254258595807,0.0,100.0,93.59030260693442,1,638
55.27186537620399,10.473897115039826,76.54488150820188,80.55643457064151,0,639
61.66588017451238,0.0,100.0,64.27061433814535,0,640
76.75010696132469,78.38381294253855,22.699682273111726,100.0,1,641
83.05905091790856,1.502604030438917,98.53585309708063,84.62901885492916,1,642
90.23719460626124,95.19198034747683,17.704966680055364,100.0,1,643
20.97044082491047,15.632774742539354,53.43710476111101,82.0096541265369,0,644
25.62581986974586,9.414239330484257,58.25594111019013,100.0,1,645
100.0,0.0,100.0,100.0,1,646
24.660175901008543,19.808959132556215,64.2100765455564,6.72711019123399,0,647
30.407325788522304,5.544521752607565,62.29339045016293,100.0,0,648
58.90554568245549,0.0,100.0,42.993599151792,0,649
20.0,39.93336774262302,40.01790176586039,23.58835722526427,0,650
28.74440772422671,0.0,88.69349581515436,0.0,0,651
75.0269892314425,86.17033567027374,11.029038960426227,100.0,1,652
94.58615708826996,67.55137434309901,54.25612139020586,44.92323690881062,1,653
98.0811003226973,33.84409960316683,75.43183094338775,100.0,1,654
64.23216537547857,0.0,100.0,84.39659178874192,1,655
87.11425561327133,31.14655537004997,75.87486874699806,80.08945425739441,1,656
87.70129452751463,40.34013340952445,68.1615847590709,80.65718787753264,1,657
20.0,22.811906737987197,42.00698125659125,69.22713733163258,0,658
30.045743330046932,9.141617842555469,60.97176551727408,99.86536270464613,0,659
50.517121371471475,0.0,100.0,4.697467441590895,0,660
20.0,0.0,87.12710289186414,0.0,0,661
89.09199394976395,69.0718492140896,47.210073076681866,61.830211322953964,1,662
51.06447116444183,0.0,80.2629706265864,100.0,0,663
29.085982860426604,12.76672221104841,59.41757620657149,87.17352500896891,0,664
62.12795799849729,5.7107751370809225,84.11404430653474,81.90950286568145,0,665
20.0,23.87821425928535,43.38185815086548,60.53150789351246,0,666
43.744129986492965,16.411186482400936,68.83887516177707,58.64839094579486,0,667
95.94743921373076,100.0,5.8370722308252425,100.0,1,668
85.03642266488777,91.09217591347792,22.283396931916315,84.56461829483906,1,669
35.65571797316728,14.138169083686961,68.31884171464262,47.348792658294876,0,670
55.79262674380161,15.337571247794287,70.25818332137004,94.93981273996484,0,671
38.343580535719084,15.854428994415706,67.67024632914391,51.055454682198544,0,672
60.1222750604873,0.0,100.0,7.6413404683922295,0,673
30.37311278933736,0.0,66.29838972871947,100.0,0,674
22.563918994463293,39.93716192345159,41.45946351080984,32.55232068508093,0,675
100.0,61.3152916411115,62.907193877507225,71.14510445719121,1,676
89.17508752156623,31.62969358772503,77.87366608886549,72.13779804148544,1,677
66.60187407135943,21.571532207262933,71.40585158861043,90.5376222862207,0,678
20.0,15.94434913194636,42.34947436860876,91.88385165581427,0,679
20.0,13.832783850723807,52.83341850683389,88.59418266797056,0,680
57.53173837684975,0.0,100.0,0.0,1,681
100.0,0.0,100.0,100.0,1,682
35.52595891440284,0.0,69.14182297387399,100.0,0,683
63.1120419704101,0.0,100.0,80.96104913474377,1,684
27.120377000726947,27.61791339340027,53.985697287118285,35.90932313797696,0,685
100.0,23.906544430713705,87.22260525260567,95.46728306901721,1,686
20.0,47.9627461643412,30.42547603049381,36.86612957955201,0,687
88.89067218172818,89.37334384950309,22.372811474334732,100.0,1,688
100.0,50.01986561382192,71.04084061473567,86.92549698761803,1,689
44.1835575920737,0.0,74.05224228060706,100.0,0,690
84.18377860622567,72.0293297108235,38.07465366327473,85.80408666289968,0,691
20.0,59.86526955558527,18.949080029679333,0.0,0,692
29.296374915410873,14.997002775439235,58.638174247531296,80.90267876832993,0,693
20.0,36.763197678160736,44.09579165704781,23.70461909549538,0,694
96.41576345382549,89.57285197682621,31.471662533575923,73.83039506824626,1,695
31.364053851425137,7.6202234435045,62.169425512433044,100.0,0,696
100.0,100.0,12.228324143776561,73.25560334208053,1,697
100.0,3.6451094675352067,100.0,100.0,1,698
88.27364617566207,28.387104813009977,78.86733602901032,80.16032074099157,1,699
77.49146463223133,12.820558014523428,86.26290441426784,81.68542015322036,1,700
100.0,96.81154990671045,32.020438009997406,47.602005846310604,1,701
97.03358422547149,94.55770808011155,28.838772859304992,65.70584318056841,1,702
29.98069855580651,12.823285685783901,61.08927250739217,79.64216878492493,0,703
79.96592024548823,0.0,100.0,100.0,1,704
35.45214213952459,9.34572720540455,65.00852254333701,91.90792813664103,0,705
28.896274367705168,11.517595384611681,60.909431384984956,84.04242192819498,0,706
28.82903452802764,7.905037559573813,60.51991416904733,100.0,0,707
20.0,21.5450295217996,49.763380498077034,63.803936005806534,0,708
92.71383854780213,100.0,0.0,100.0,1,709
44.47443345839592,5.903861493983506,80.45493225711893,45.56064581086038,0,710
88.10878139455596,86.4543267248618,24.668453456143837,100.0,1,711
20.0,19.1617863660955,47.22267608210665,80.27828745099934,0,712
90.66645647610146,59.77432385691269,62.977639300979696,19.941918122502187,1,713
84.7813872073472,66.16768961061126,43.34808580596523,86.45139776315045,1,714
87.28620267428883,13.567491351389044,90.20209643630648,85.78317362272293,1,715
96.16779624707308,96.00340150933874,26.409317166276132,70.0592127512076,1,716
87.19224156509041,11.822444153527563,91.66719979028233,85.7260832903606,1,717
97.16004903695662,31.69571453182458,79.64811859433726,87.05014407496529,1,718
20.0,54.408317591748556,24.247686936730272,30.47373279742564,0,719
20.0,23.50686042645621,48.052336829199795,63.376255500447364,0,720
93.50083857939235,86.5870855459098,31.697843778878486,78.60282441219809,1,721
20.0,7.974500840339047,75.98977197690354,0.0,0,722
100.0,100.0,0.0,86.91755381522813,0,723
75.00414383017947,45.778813747246694,61.42633870084039,51.65447596198894,1,724
100.0,100.0,0.0,100.0,1,725
96.71427373457183,37.36706396182731,78.39853272898753,63.45887590871913,1,726
86.25875551694136,85.71840587722403,24.919210949760178,100.0,1,727
42.77985108321394,7.282205527920389,69.80415730188534,97.49203565139335,0,728
42.577016023760464,2.1756878936766597,73.6229396527197,100.0,0,729
20.0,20.584814030177522,45.214493947488165,80.81890671189919,0,730
26.26695110173165,28.967931220303534,55.90091593440489,14.419715981742165,0,731
90.19186457472011,49.381561349792946,64.5889172847481,63.08321720000028,1,732
77.17211248019765,0.0,100.0,98.35223885555253,1,733
20.0,20.791337591280985,45.42189992892139,70.67187501847093,0,734
92.83983666082918,100.0,3.9975687017096035,100.0,1,735
100.0,9.36264848155647,100.0,100.0,1,736
85.54750016932584,61.02758443503107,47.41692746275196,91.18152784457641,1,737
89.91499323091752,44.80510875154101,69.46443529424911,56.559505989101915,1,738
68.00931579395412,0.0,100.0,96.54149340703577,1,739
92.17453512437072,34.9122427121946,74.7950301574433,83.4080278369899,1,740
30.03185327867877,20.809114948302554,56.68354783726829,64.70664413308833,0,741
27.56657483181938,8.4001278505064,59.87051760114774,100.0,0,742
20.0,23.465215059242762,41.1150543302763,75.38556714836712,0,743
93.74378624229479,35.415945708225095,77.05208886948276,72.17741757016807,1,744
96.0838597902258,88.50964684978865,32.44404279138062,72.4158810749494,1,745
26.51208857861964,4.449289276315739,81.08850857078401,0.0,0,746
82.55534925154498,28.331896565332254,75.55871847501624,81.89844656975451,1,747
59.929409846655666,0.0,100.0,46.163738334962424,1,748
20.0,41.22829074177607,37.35706911341139,0.0,0,749
60.04213337509723,0.0,100.0,43.42605510729916,0,750
27.106960036456613,19.56369446197891,55.91345731702785,66.37478317345384,0,751
80.52505654468143,73.70442285403877,33.20059388546519,94.69470131265138,1,752
100.0,38.49587213205869,79.7672598816292,100.0,1,753
73.06292867266781,10.640017122994458,87.93382325029118,68.52846987771625,1,754
82.2793924923817,93.4454080730454,11.899910853367487,100.0,1,755
96.56260937445013,49.44104512690894,66.67620511888106,70.86695825392567,1,756
20.0,55.657535473771816,21.12618422788271,0.0,0,757
100.0,12.714317430588693,96.06015701616232,100.0,1,758
100.0,0.0,100.0,100.0,1,759
35.99896216176424,8.552701057404533,64.57776859026421,100.0,0,760
49.838025138380935,10.459697256598375,72.28886035674944,88.76055370222392,0,761
60.163647818451096,0.0,100.0,39.51500327603229,0,762
93.68947234903214,87.90097120302596,32.40036910926224,68.06473844761706,1,763
39.10588909802932,11.705645245331624,67.01929183491885,79.24000043307453,0,764
82.11387821921615,68.37970578963433,41.88319819425987,75.05595369594536,1,765
98.21613794773984,100.0,17.38466133944833,91.04897578354044,1,766
42.18152894809485,5.9730945686455,69.51924660314768,100.0,0,767
20.0,24.198579459657722,49.43208685477996,57.085789284433645,0,768
39.35943403715514,10.401565154893191,67.12862526972997,86.2380502329331,0,769
90.72311958331291,0.0,100.0,100.0,1,770
21.097633464318548,35.50796987839873,45.0930022381807,28.921145418704025,1,771
91.05839952647968,76.69523780296878,42.155884295209304,58.97703650542773,1,772
98.09167870791364,100.0,12.053052447299052,93.86242218042118,1,773
25.65516480555462,22.57291161859535,60.04267291431118,20.79213541083147,1,774
36.482118914401454,9.88231062549896,75.41658444746069,29.246487241513343,0,775
25.60219597878187,33.73733702384855,49.727585181315185,24.74343176343216,0,776
30.358269378345625,18.319739672783392,57.8985723952167,71.44027615198726,0,777
59.40455864182353,0.0,100.0,25.61533429572099,0,778
100.0,54.58626479675603,77.93833932802156,0.0,1,779
30.563059867982595,19.574211123595592,57.77951340645899,66.25568692278132,0,780
81.2459207937228,0.0,100.0,86.95866678182404,1,781
20.0,54.469937490922234,20.200641672214932,57.72689929361823,0,782
94.0531135136105,87.2712008457737,33.52309458095934,65.73311930332555,1,783
82.7678938316301,78.34224772393809,30.99838510476963,91.07190124096012,1,784
23.926085289436244,8.958860276703597,77.5183432252942,0.0,0,785
52.80529342823578,0.0,100.0,22.327458865576727,0,786
27.65070553686558,16.828320520810536,67.99800917849782,9.096870367389961,0,787
20.0,30.604869703584384,50.760987570629794,0.0,0,788
70.37268408969015,0.0,100.0,75.5688432602016,1,789
22.43902978006382,4.080764846002047,80.57704226597951,0.0,0,790
100.0,35.026569724892774,81.0009112492434,79.26165702538104,1,791
95.16189353957958,16.162514291132837,90.91994374661016,93.50010801497143,1,792
31.528077568066813,17.099104278982082,58.634704513650156,77.18188335061885,0,793
91.0527940254936,0.0,100.0,100.0,1,794
82.62537099468346,76.11129101231663,29.87357333980282,100.0,1,795
98.80889514264388,100.0,0.5643834451952969,91.48595443084356,1,796
51.15949322886723,6.689637491381426,76.8749994219929,84.97877812452093,0,797
86.53931371476502,100.0,5.121924927079299,100.0,1,798
100.0,63.67300837337797,55.92940467642127,77.38720185457775,1,799
27.946079771243625,11.812068413199746,58.39160423725038,94.69139710876739,0,800
82.63577768492273,53.8070884565274,54.99772068696972,73.49697613519501,1,801
88.14905920746014,100.0,0.0,100.0,1,802
27.507231137359682,4.910680782359414,78.79741291776784,5.511864163878265,0,803
50.18737868428701,0.0,100.0,16.29937487082816,0,804
71.73460597827278,0.0,100.0,94.34710245654597,1,805
100.0,42.85719807946305,80.01599612281146,87.92535452443198,1,806
91.17877526332882,76.13011828381316,43.07726594613872,56.73613809910921,1,807
33.15554820227828,20.41758379464388,57.63897666060194,71.1412487618859,1,808
37.08746378864409,21.713797155070235,63.091299135730814,44.05549068501391,0,809
43.652891834806766,0.0,80.33405525937536,100.0,0,810
67.55358935417486,6.952111263256889,87.04482765596853,75.2946029774171,1,811
41.05744344593963,5.4994148697963325,80.92077641923825,33.71065218982222,0,812
100.0,57.29816163050974,63.08304952269269,75.09061262931178,1,813
25.100351226674952,18.980666925378525,64.34273825143075,11.698137849225596,0,814
46.78183068754072,0.0,100.0,14.124919807974806,0,815
80.04587696403152,74.65244400307583,27.539305605638866,100.0,1,816
20.0,29.627604614234833,38.92377297389879,53.773876370748795,0,817
100.0,100.0,26.610465120367497,50.546260393392075,1,818
23.258822266855304,8.062953982306091,57.78187946823288,100.0,1,819
39.89839453257206,7.789059906195007,79.2574646968718,28.031564412939993,1,820
86.34655147076693,81.12665218280591,29.525055881502876,97.0927758470741,1,821
91.93095388861839,95.92324968640642,20.63456404999136,91.73486197529976,0,822
48.509655413180994,17.08584704625843,70.8551715974433,58.40508111107638,0,823
69.65152727648967,15.636825402447663,82.02100461730338,67.12292091062564,1,824
48.7445828809684,0.0,100.0,11.225840798385448,0,825
20.0,32.68844827910153,30.217418885763962,54.72880742265093,0,826
49.893346485964976,7.4905901829835315,75.59438830573609,84.42940347496553,0,827
62.49542174340197,0.7002107158658646,85.7759196366448,99.27813542670637,0,828
33.68829287546945,0.0,97.20347612719105,0.0,0,829
20.0,24.064815215376356,44.85580746537841,64.72197791545707,0,830
71.38177545228196,0.0,100.0,96.82086224205085,1,831
88.30015281179979,26.90226532390784,80.52671839657823,77.95228895159953,1,832
31.64789306155803,26.00610893978652,56.22453908809188,45.52304032401586,0,833
100.0,100.0,29.253685533601637,31.10420453769015,1,834
20.213587437295928,17.812856230983286,52.3703715046089,74.59321780810399,0,835
39.9323932560394,4.563682020816984,83.60312311437161,18.657532964730784,0,836
99.2648576368249,100.0,5.493298161092284,82.36489901268222,1,837
53.348172996142296,0.0,98.02895852930385,25.008004718660665,0,838
86.45118081320629,7.707164204256507,95.39223827273872,82.25841470437737,1,839
80.4053045392047,85.90790666407528,21.77903515310058,99.70150308689196,1,840
20.0,30.157359573766392,45.94322286302873,45.513862304107846,0,841
26.035714346230797,18.21027027865049,65.77795709278966,10.069936260655652,0,842
20.0,61.4444299363818,17.552104424513182,0.0,0,843
81.58907631277994,16.474401016669262,83.60463043686406,92.03718759665776,1,844
92.834661797756,84.20806962710361,35.534652338512714,65.59989070990572,1,845
89.45676695687835,0.0,100.0,96.45900606646043,1,846
43.5494917044668,12.766842943182432,69.15415837100605,75.20097763893716,0,847
52.23860065227124,0.0,100.0,28.306359577018423,0,848
40.13412883838045,0.0,100.0,0.0,0,849
100.0,20.452193629039694,92.14287439702014,100.0,1,850
34.26415700061919,34.80931020368361,48.44946589741435,55.12833953513542,0,851
44.01282078648457,22.52298271267546,65.72458351322517,46.40215633001495,0,852
84.0934421809926,38.785174868070214,68.63310243840968,74.18086856252263,1,853
82.2373725265874,43.34742976395918,64.35152470682175,70.21773770712784,1,854
77.65585910540587,0.0,100.0,96.21223654001085,1,855
95.88600355889201,100.0,0.0,100.0,1,856
94.55327947891539,74.10732816308763,50.09305608659119,35.73479568008443,1,857
77.85883145483417,97.7334421976417,2.127432995800312,100.0,1,858
78.32860487574696,36.09809669437705,67.41185456475588,76.88584920156461,1,859
59.03575502140366,1.526857802263649,80.96780554383972,100.0,0,860
100.0,50.11277657960551,74.3938195984764,81.46790500558447,1,861
36.355750131594945,11.723323907488762,72.7731084797795,35.23833586149676,0,862
24.08219938208817,10.090206582762143,77.75083822028785,0.0,0,863
80.61145027404926,71.04023923336355,31.94450578463353,100.0,1,864
100.0,100.0,0.0,100.0,1,865
84.30301283033059,54.223014040012885,55.30782508394607,74.86957959977649,1,866
20.0,41.312302027191755,40.18676021164456,0.0,0,867
29.458431719840036,8.673410601291955,75.34359183613601,13.125938181565694,0,868
24.659005044644545,44.14074606150849,36.81830243502819,45.535376001163826,0,869
28.171975145758598,36.20000515547488,44.77793265395797,50.27266620178991,0,870
70.09611987133513,67.75976049529913,28.93693340683585,100.0,1,871
22.153294535568413,28.413656466228225,53.95312599717998,15.74136647636017,0,872
20.0,41.482298729396575,35.475039748508,0.0,0,873
22.488151636980604,23.15515063521221,52.283614251319534,54.534451834581745,0,874
100.0,85.19091993178357,42.893221950774205,49.02030625966484,1,875
85.24217349349148,0.0,100.0,100.0,1,876
100.0,100.0,27.39591483319418,62.77143475915601,1,877
87.41210640278337,29.0581985144733,78.50273994224597,76.04793283051131,1,878
43.066305453106594,0.0,90.7543857059228,21.193351552404096,0,879
71.5944960361164,0.0,100.0,80.21294954314574,1,880
95.77846776779032,97.01848787925647,27.638581790213937,56.004043197151574,1,881
48.44908560938892,2.948314253226144,75.5845744494872,100.0,0,882
87.09707880042673,34.21498936530139,74.5385643402849,72.06545372167561,1,883
35.17661305063861,0.0,91.2423614592331,3.8451932497579406,0,884
84.56019408816405,100.0,0.0,100.0,1,885
89.38091207283239,0.0,100.0,100.0,1,886
24.079147712311965,19.003432481003422,54.041186789350064,70.8095211070712,0,887
88.36739060054902,86.26719708696092,30.057017555475372,73.5068105000122,1,888
25.56320318941276,18.93419870831736,53.604926449048584,78.66044553281873,0,889
45.74233762484559,6.454883053908219,72.77471175738202,93.4475825457997,0,890
99.68501566432735,100.0,7.75992845981439,100.0,1,891
49.45029569569427,0.0,78.65893263523117,100.0,0,892
80.05436874876925,59.96280701254224,43.15477659647739,100.0,1,893
91.19523423694824,86.46297914044172,29.005587456972876,88.08585158228271,1,894
85.1497134497134,0.0,100.0,86.41064366354063,1,895
29.94038203171509,2.934343903584633,63.58564351748014,100.0,0,896
25.89189412877665,6.235831174442154,59.673219144985175,100.0,0,897
77.46994766579853,0.0,100.0,87.15014912988951,1,898
20.0,14.79984310394763,47.536571954645105,92.16608242824265,0,899
36.07832134105071,15.230618566746891,63.050841680355106,74.9926067287411,0,900
100.0,100.0,8.342492574763362,83.11092739916528,1,901
100.0,17.071205676011687,92.64482530591755,98.80350698695462,1,902
92.13875572674297,75.91940873968132,46.59262556317285,39.622107987022765,1,903
60.177966530277104,0.0,84.90309755570514,100.0,0,904
100.0,45.6435800199299,72.2862001225015,82.3905720049946,1,905
27.766409434157787,5.929078078632841,62.10584877246201,100.0,0,906
93.36886351278405,25.32111290561248,83.55736541321217,84.3613213370598,1,907
37.20644703971382,7.244295603795358,66.14479081315811,100.0,0,908
79.28584272557733,0.0,100.0,92.87446402750733,1,909
23.03265254170193,29.718246750202184,51.9984155019446,23.6411895626979,0,910
22.091939943160547,0.7507254932846976,85.0541289387697,0.0,1,911
20.0,22.99459095774389,40.663024233659094,73.12391513494582,0,912
94.44056741919925,100.0,0.0,100.0,1,913
88.30243896013704,79.47704943102111,35.73766293754858,74.38770553873613,1,914
49.609569105549205,4.292906330234736,74.84867329769159,100.0,0,915
90.30890654037835,7.10011242423689,96.61519661446056,90.59125529848421,1,916
96.34348216253085,100.0,24.543406705458832,55.829947592453685,1,917
77.30759228027165,80.60986516677838,19.515016953915293,100.0,1,918
76.83937458944011,47.37679136991651,61.32752785732397,49.862377807047245,1,919
60.93874193869651,2.4043692312694276,83.90377913605016,96.63962856691448,0,920
86.70033300817084,100.0,5.961631741127945,100.0,1,921
30.08710147219391,15.580937321428031,69.48985666165504,14.518923531908136,0,922
82.17527527428628,85.71802690347207,23.096033775369023,98.46963964191482,1,923
75.43433350075412,38.0404264731867,61.166232487308704,95.19754195223298,1,924
100.0,7.253060546468774,100.0,96.25893150844902,1,925
20.0,66.90131626896326,10.066959327532253,17.925555090960103,0,926
83.94265806706355,0.0,100.0,100.0,1,927
34.16183014522359,5.1489708456948335,82.42114535490774,3.953205963749248,0,928
28.947383800918402,12.205238943490201,70.7664993428436,20.743792180936037,0,929
28.425912237314755,13.09997162561369,59.30038186218647,83.98638425421646,0,930
96.8681927900525,76.05919594987338,48.700597527745686,41.507943968720554,1,931
25.509649368245725,1.3972913246315457,85.34893171932009,0.0,0,932
78.21971003723606,75.19380076174149,29.43849648743805,100.0,1,933
26.776504478287492,28.500277076303433,52.48029167568346,39.30540314103043,1,934
20.0,21.38665908131174,48.58552101811758,73.58727945083741,0,935
20.95082771183541,0.0,86.12525131458841,0.0,0,936
90.19102016924103,99.9605503411108,15.359511913499844,96.9352092517332,1,937
80.67333281952494,43.800417418055545,62.10464573477344,76.3890120274624,1,938
73.78050185764295,65.14051066412128,35.72391564451981,100.0,1,939
81.43288071226117,81.89162827722814,23.90649961021613,100.0,1,940
93.062661734818,0.0,100.0,91.4979847527003,1,941
20.0,24.463939742129252,31.796732748337476,78.11375285609057,0,942
20.0,38.8105473984364,40.95118823562217,0.0,0,943
82.36890614385909,4.573316651835469,93.7755469845666,95.19252080064459,1,944
88.85637438111097,63.982946407022894,49.55463731154185,73.49723966078632,1,945
100.0,100.0,9.820841708206864,74.24377616939643,1,946
31.83986410803769,9.02463876033083,62.19159314250648,98.92023870324502,0,947
22.77424294726942,16.36552711440107,66.57185712790695,4.284084878019343,0,948
98.58719225490871,99.10720626618152,22.169220647068254,87.42854428815662,1,949
24.475871847016073,14.760351814763382,55.63125559697738,84.68685266421457,0,950
20.0,35.15077761765825,45.482186051885634,0.0,0,951
20.0,75.46305428581604,0.0,44.92535770970148,1,952
77.26630343479317,68.76014618136345,31.467168271381006,100.0,1,953
86.62933413775389,100.0,12.12616708174464,91.78127358497562,1,954
56.62158060884168,0.0,100.0,0.0,1,955
43.55644492407769,8.169553646431659,70.39551129475299,91.7817911350004,1,956
100.0,100.0,26.28620968085601,54.406434482248756,1,957
20.0,11.268097352993053,53.73046326572337,96.12238130019546,0,958
29.720072935786007,3.6255557887005523,63.003169030225536,100.0,0,959
37.227329584822634,7.469574913819002,67.18675637794377,94.30149930810529,0,960
82.2661695494773,0.0,100.0,86.31018291022156,1,961
20.0,56.721843345797154,19.354884418103158,0.0,0,962
32.543017802484925,0.0,68.72958995994352,100.0,0,963
34.22527660553875,21.07813625665117,62.49855258903634,41.65502382741071,0,964
71.40608234402025,52.39431799592841,45.61868608174474,100.0,1,965
84.15120478467597,18.044025327152713,85.89414258136725,78.25966436249695,1,966
87.62078895070766,53.57267811359777,59.6194334501229,62.91176386494082,1,967
96.83876351299763,20.80423984173044,87.79273204201489,93.62901066989454,1,968
30.71264777654758,19.619570543931523,58.90278148052771,59.684163596623264,0,969
20.0,40.62802445226819,38.31462986806292,26.22760423556832,0,970
71.92078662359283,0.0,95.25248492463993,100.0,0,971
82.25292916031127,0.0,100.0,94.02609112576289,0,972
20.0,22.007513397477062,48.66646726772162,72.6711626000108,0,973
20.0,38.05767159831381,36.57209743955974,23.570810452900492,0,974
20.0,20.005605367730706,64.07232461297608,0.0,0,975
47.82411223844396,0.0,78.45502999898899,100.0,0,976
64.07188768012821,0.0,100.0,50.26685921096238,0,977
46.98266765421221,10.108028420067164,72.48117646442651,80.12620041254323,0,978
69.28583532680088,0.0,100.0,68.48665380967921,0,979
87.65273947099962,86.8647920673243,34.359516513702744,41.915792563409624,1,980
26.511424936959223,0.9124585097432458,84.36475754547564,0.0,0,981
96.14057832343902,40.978440013826784,73.7150361046445,71.10170281676565,1,982
92.8711982075744,87.04304638515944,32.36746533033402,70.09345271439237,1,983
100.0,100.0,1.0544723927301192,82.90250265169024,1,984
29.011633193561252,15.273853319575096,66.01219008990832,33.74152864533881,0,985
24.23923115630157,11.85467760950629,55.44593106273997,100.0,0,986
87.96520324841862,86.75450959752851,25.488589194471427,97.38485178003046,1,987
25.25882076964242,13.608820910115057,71.66543849008015,0.0,0,988
94.71847104023728,93.0615751588337,20.542166554639778,100.0,1,989
35.640365907257035,12.322828372222816,71.31777950262163,38.601625325667186,0,990
75.3977116455324,30.494022541024073,71.5781314236641,71.40230800944937,1,991
39.65830293917517,0.0,99.05860552833497,0.0,0,992
92.68653521308622,79.43964737901557,39.883576766602594,63.700104722580434,1,993
22.406046219704606,14.87275503130703,53.485438816177535,90.38048116600524,0,994
25.123193201988265,0.0,64.00789073775293,100.0,0,995
89.33865534190467,0.0,100.0,100.0,1,996
100.0,98.1631110535004,29.324701874865262,63.3174196200738,1,997
20.0,18.534819277831637,51.5892848036731,74.45623870811289,0,998
74.7993327456396,14.512668962867693,87.33057780369427,57.55479832695691,1,999
85.37081717553328,88.12351551228771,31.272847889820873,46.6231383093951,1,1000
